Timestamp,FaceID
2025-06-25 02:01:40,Face_1
2025-06-25 23:20:27,Face_1
2025-06-25 23:20:27,Face_2
2025-06-25 23:20:27,Face_3
2025-06-25 23:20:27,Face_4
2025-06-25 23:20:28,Face_5
2025-06-25 23:20:28,Face_6
2025-06-25 23:20:28,Face_7
2025-06-25 23:20:28,Face_8
2025-06-25 23:20:28,Face_9
2025-06-25 23:20:28,Face_10
2025-06-25 23:20:28,Face_11
2025-06-25 23:20:28,Face_12
2025-06-25 23:20:28,Face_13
2025-06-25 23:20:28,Face_14
2025-06-25 23:20:28,Face_15
2025-06-25 23:20:28,Face_16
2025-06-25 23:20:28,Face_17
2025-06-25 23:20:28,Face_18
2025-06-25 23:20:28,Face_19
2025-06-25 23:20:29,Face_20
2025-06-25 23:20:29,Face_21
2025-06-25 23:20:29,Face_22
2025-06-25 23:20:29,Face_23
2025-06-25 23:20:29,Face_24
2025-06-25 23:20:29,Face_25
2025-06-25 23:20:29,Face_26
2025-06-25 23:20:29,Face_27
2025-06-25 23:20:29,Face_28
2025-06-25 23:20:29,Face_29
2025-06-25 23:20:29,Face_30
2025-06-25 23:20:29,Face_31
2025-06-25 23:20:29,Face_32
2025-06-25 23:20:29,Face_33
2025-06-25 23:20:29,Face_34
2025-06-25 23:20:30,Face_35
2025-06-25 23:20:30,Face_36
2025-06-25 23:20:30,Face_37
2025-06-25 23:20:30,Face_38
2025-06-25 23:20:30,Face_39
2025-06-25 23:20:30,Face_40
2025-06-25 23:20:30,Face_41
2025-06-25 23:20:30,Face_42
2025-06-25 23:20:30,Face_43
2025-06-25 23:20:30,Face_44
2025-06-25 23:20:30,Face_45
2025-06-25 23:20:30,Face_46
2025-06-25 23:20:30,Face_47
2025-06-25 23:20:30,Face_48
2025-06-25 23:20:30,Face_49
2025-06-25 23:20:31,Face_50
2025-06-25 23:20:31,Face_51
2025-06-25 23:20:31,Face_52
2025-06-25 23:20:31,Face_53
2025-06-25 23:20:31,Face_54
2025-06-25 23:20:31,Face_55
2025-06-25 23:20:31,Face_56
2025-06-25 23:20:31,Face_57
2025-06-25 23:20:31,Face_58
2025-06-25 23:20:31,Face_59
2025-06-25 23:20:31,Face_60
2025-06-25 23:20:31,Face_61
2025-06-25 23:20:31,Face_62
2025-06-25 23:20:31,Face_63
2025-06-25 23:20:31,Face_64
2025-06-25 23:20:31,Face_65
2025-06-25 23:20:32,Face_66
2025-06-25 23:20:32,Face_67
2025-06-25 23:20:32,Face_68
2025-06-25 23:20:32,Face_69
2025-06-25 23:20:32,Face_70
2025-06-25 23:20:32,Face_71
2025-06-25 23:20:32,Face_72
2025-06-25 23:20:32,Face_73
2025-06-25 23:20:32,Face_74
2025-06-25 23:20:32,Face_75
2025-06-25 23:20:32,Face_76
2025-06-25 23:20:32,Face_77
2025-06-25 23:20:32,Face_78
2025-06-25 23:20:32,Face_79
2025-06-25 23:20:32,Face_80
2025-06-25 23:20:32,Face_81
2025-06-25 23:20:32,Face_82
2025-06-25 23:20:33,Face_83
2025-06-25 23:20:33,Face_84
2025-06-25 23:20:33,Face_85
2025-06-25 23:20:33,Face_86
2025-06-25 23:20:33,Face_87
2025-06-25 23:20:33,Face_88
2025-06-25 23:20:33,Face_89
2025-06-25 23:20:33,Face_90
2025-06-25 23:20:33,Face_91
2025-06-25 23:20:33,Face_92
2025-06-25 23:20:33,Face_93
2025-06-25 23:20:33,Face_94
2025-06-25 23:20:33,Face_95
2025-06-25 23:20:33,Face_96
2025-06-25 23:20:34,Face_97
2025-06-25 23:20:34,Face_98
2025-06-25 23:20:34,Face_99
2025-06-25 23:20:34,Face_100
2025-06-25 23:20:34,Face_101
2025-06-25 23:20:34,Face_102
2025-06-25 23:20:34,Face_103
2025-06-25 23:20:34,Face_104
2025-06-25 23:20:34,Face_105
2025-06-25 23:20:34,Face_106
2025-06-25 23:20:34,Face_107
2025-06-25 23:20:34,Face_108
2025-06-25 23:20:35,Face_109
2025-06-25 23:20:35,Face_110
2025-06-25 23:20:36,Face_111
